[
    {
      "icon": "american-football",
      "name": "Action Sheet",
      "redirectTo": "/action-sheet"
    },
    {
      "icon": "appstore",
      "name": "Alert",
      "redirectTo": "/alert"
    },
    {
      "icon": "beaker",
      "name": "Avatar",
      "redirectTo": "/avatar"
    },
    {
      "icon": "radio-button-on",
      "name": "Botones y router",
      "redirectTo": "/botones"
    },
    {
      "icon": "card",
      "name": "Cards",
      "redirectTo": "/card"
    },
    {
      "icon": "checkmark-circle-outline",
      "name": "Checkbox",
      "redirectTo": "/check"
    },
    {
      "icon": "calendar",
      "name": "DateTime",
      "redirectTo": "/date-time"
    },
    {
      "icon": "car",
      "name": "Fabs",
      "redirectTo": "/fab"
    },
    {
      "icon": "grid",
      "name": "Grid - Rows",
      "redirectTo": "/grid"
    },
    {
      "icon": "infinite",
      "name": "Infinite Scroll",
      "redirectTo": "/infinite-scroll"
    },
    {
      "icon": "hammer",
      "name": "Input - Forms",
      "redirectTo": "/input"
    },
    {
      "icon": "list",
      "name": "Listas - Sliding",
      "redirectTo": "/list"
    },
    {
      "icon": "reorder",
      "name": "Listas - Reorder",
      "redirectTo": "/list-reorder"
    },
    {
      "icon": "refresh-circle",
      "name": "Loading",
      "redirectTo": "/loading"
    },
    {
      "icon": "phone-portrait",
      "name": "Modal",
      "redirectTo": "/modal"
    },
    {
      "icon": "tablet-portrait",
      "name": "Popover",
      "redirectTo": "/popover"
    },
    {
      "icon": "code-working",
      "name": "ProgressBar y Range",
      "redirectTo": "/progress-bar"
    },
    {
      "icon": "arrow-round-down",
      "name": "Refresher",
      "redirectTo": "/refresher"
    },
    {
      "icon": "search",
      "name": "Searchbar",
      "redirectTo": "/searchbar"
    },
    {
      "icon": "copy",
      "name": "Segment",
      "redirectTo": "/segment"
    },
    {
      "icon": "albums",
      "name": "Slides",
      "redirectTo": "/slides"
    },
    {
      "icon": "cog",
      "name": "Tabs",
      "redirectTo": "/tabs/account"
    }
  ]
  